paddle_x,ball_x,ball_y,br_1,br_2,br_3,br_4,br_5,target
39,268,349,2,1,3,4,1,2
336,304,239,4,4,1,1,1,1
49,314,389,0,3,2,3,3,2
390,79,103,3,3,2,0,4,1
163,93,211,4,4,0,3,4,1
288,349,97,2,3,4,2,4,2
89,373,93,2,1,1,3,1,2
220,82,316,1,1,1,2,4,1
47,169,364,0,0,2,2,1,2
266,143,37,4,2,0,1,1,1
357,78,162,1,2,1,3,4,1
222,17,153,1,4,2,0,3,1
321,319,393,4,0,1,1,1,1
220,303,356,4,2,2,1,1,2
94,262,155,1,2,1,1,0,2
71,70,215,0,4,2,1,1,1
12,133,325,0,1,1,4,1,2
130,328,398,4,0,4,3,2,2
116,121,196,1,3,1,1,1,2
271,222,378,1,3,1,1,0,1
72,15,336,3,1,0,1,0,1
274,110,102,4,3,4,4,3,1
278,156,63,1,1,2,1,3,1
68,148,315,0,2,0,3,2,2
315,388,260,1,2,2,1,4,2
314,374,362,1,0,2,0,1,2
13,100,320,4,2,0,2,0,2
341,159,368,4,0,4,3,0,1
185,13,180,1,2,0,2,4,1
314,365,381,1,2,0,1,4,2
54,315,97,2,3,0,2,4,2
30,274,33,1,1,4,0,2,2
22,244,149,0,1,2,3,3,2
288,8,392,2,4,1,3,2,1
231,174,265,1,1,1,4,2,1
208,236,290,1,2,3,2,1,2
361,165,62,4,0,1,0,1,1
72,200,202,2,3,1,3,0,2
279,295,329,2,1,3,1,2,2
198,357,296,2,1,0,3,0,2
295,245,74,3,1,3,3,3,1
1,198,67,3,0,1,0,1,2
106,375,274,2,4,3,2,4,2
312,184,268,2,2,4,2,3,1
256,366,277,0,4,4,4,0,2
381,317,85,4,0,4,0,0,1
287,177,350,0,4,3,1,2,1
139,373,131,4,3,3,1,2,2
275,348,33,1,3,1,2,3,2
138,397,233,2,0,2,0,0,2
179,51,342,1,2,3,2,0,1
180,380,247,4,2,4,1,4,2
153,220,260,3,2,0,0,0,2
298,65,42,0,3,2,1,4,1
267,193,395,4,2,3,4,2,1
209,191,312,4,4,4,0,0,1
368,3,201,2,2,0,3,2,1
160,383,189,3,2,1,3,4,2
338,34,137,2,1,3,1,1,1
335,313,128,1,1,3,0,2,1
213,0,212,1,0,2,2,1,1
204,322,129,1,1,2,4,0,2
171,217,251,1,2,1,3,4,2
281,208,327,1,1,2,1,1,1
58,61,172,4,1,3,2,1,2
227,300,228,4,1,0,2,3,2
377,123,295,1,1,0,2,1,1
255,255,360,1,0,4,1,0,0
249,188,357,3,1,1,0,3,1
268,109,206,1,1,1,4,3,1
166,210,149,3,2,3,4,0,2
194,236,162,0,0,3,3,4,2
61,41,74,0,1,3,1,4,1
38,82,143,2,2,1,1,4,2
108,251,269,0,1,3,4,3,2
343,115,96,0,3,1,2,2,1
132,158,49,4,0,0,4,1,2
366,286,287,0,4,2,2,3,1
104,165,49,2,0,1,3,0,2
292,350,227,1,4,2,1,0,2
228,281,202,3,1,3,4,2,2
169,236,222,1,0,0,2,0,2
293,87,118,1,1,3,0,0,1
11,372,91,0,4,3,1,3,2
181,36,65,0,4,0,3,0,1
275,94,203,1,2,1,2,0,1
84,318,75,2,1,0,1,3,2
167,199,391,1,1,4,2,0,2
355,211,102,2,3,0,3,2,1
254,228,45,4,1,1,4,3,1
158,350,85,2,1,3,0,4,2
265,3,380,3,4,4,1,4,1
15,80,141,4,4,4,0,0,2
23,120,55,4,2,4,2,0,2
72,347,239,4,1,3,1,1,2
308,124,308,0,2,0,4,1,1
396,334,206,4,2,0,2,1,1
93,275,115,4,3,0,0,2,2
391,147,379,1,4,1,2,0,1
349,111,208,0,1,3,3,1,1
167,205,330,2,2,1,3,3,2
177,193,104,0,1,1,4,1,2
165,140,43,1,0,3,2,3,1
25,334,161,3,0,4,4,3,2
320,361,257,3,4,0,0,4,2
67,396,116,1,2,4,1,3,2
12,62,89,2,3,0,0,0,2
175,381,34,1,1,3,2,3,2
346,342,146,3,2,0,0,1,1
125,124,249,3,0,0,4,2,1
299,374,119,0,0,4,0,2,2
256,358,137,1,1,3,3,4,2
146,117,126,4,1,0,2,0,1
319,381,279,4,3,2,0,0,2
165,43,82,0,3,0,2,3,1
113,195,47,1,1,0,3,1,2
88,275,334,4,1,0,0,1,2
78,240,370,0,2,0,0,3,2
155,218,305,3,4,1,1,3,2
286,274,218,3,0,2,2,2,1
285,350,380,3,2,3,4,4,2
300,204,66,3,4,2,1,2,1
259,311,225,4,2,4,3,2,2
173,174,184,1,4,1,2,0,2
22,177,78,1,4,3,2,2,2
25,135,158,4,3,4,1,4,2
251,64,247,1,2,2,4,0,1
84,63,363,2,2,0,3,2,1
289,182,288,0,4,1,1,2,1
277,94,77,0,1,4,0,0,1
283,120,330,2,2,2,4,1,1
141,40,104,4,4,0,0,1,1
255,154,141,4,2,2,4,4,1
223,300,259,1,2,2,3,1,2
0,395,263,3,3,4,3,4,2
14,62,384,1,4,4,2,2,2
312,48,153,4,0,3,0,1,1
78,202,177,4,4,0,1,2,2
111,160,98,3,2,2,1,3,2
233,388,298,3,0,1,0,2,2
342,344,222,3,2,1,2,2,2
104,382,273,3,3,4,2,2,2
292,102,352,4,3,0,2,4,1
172,49,262,2,1,0,4,2,1
46,199,33,4,3,3,4,1,2
58,208,80,0,1,1,2,2,2
274,363,139,3,4,2,3,4,2
149,63,282,4,1,0,4,4,1
79,121,111,0,3,4,4,1,2
78,171,226,2,3,2,3,1,2
207,377,123,0,2,2,2,2,2
361,103,340,4,0,3,1,0,1
72,308,364,0,1,1,3,4,2
29,180,378,4,4,4,3,2,2
270,198,186,1,3,2,1,2,1
117,340,328,2,3,1,4,4,2
347,18,300,0,0,0,1,4,1
70,330,68,2,4,3,2,0,2
238,8,373,0,0,2,0,4,1
396,88,288,4,1,0,2,1,1
146,202,371,4,4,0,4,3,2
242,318,170,4,4,4,1,1,2
316,181,236,3,4,2,3,2,1
395,126,174,4,3,2,0,0,1
41,190,87,4,4,0,4,3,2
11,121,66,2,1,1,4,4,2
155,284,255,0,1,2,2,4,2
145,197,67,3,1,2,0,1,2
159,296,164,2,3,4,4,1,2
215,230,35,1,1,1,1,4,2
49,257,270,1,0,2,2,1,2
114,335,211,2,3,0,4,4,2
125,379,346,0,4,3,1,0,2
289,191,183,3,1,1,0,1,1
261,389,357,3,1,1,4,3,2
394,205,380,2,0,0,4,0,1
386,107,386,3,2,1,4,3,1
288,377,293,1,2,0,4,0,2
96,210,65,3,3,0,0,3,2
237,383,136,1,2,4,0,3,2
131,379,173,0,0,4,2,0,2
237,245,77,4,1,0,4,4,2
98,268,356,1,4,4,4,3,2
39,18,364,1,1,1,3,2,1
62,159,193,1,2,4,0,3,2
108,167,49,1,1,3,0,1,2
136,117,362,0,4,0,2,1,1
205,301,290,1,3,3,0,3,2
241,164,200,2,2,1,4,0,1
252,87,263,4,3,2,2,0,1
62,360,197,4,3,0,3,2,2
124,220,119,3,0,0,2,0,2
5,391,81,4,0,3,0,4,2
106,319,255,3,4,0,4,0,2
291,342,51,2,0,1,4,4,2
145,185,372,3,4,3,1,3,2
15,242,107,3,3,3,0,1,2
87,141,331,2,3,3,3,2,2
300,253,383,1,2,4,4,2,1
194,220,250,3,2,4,0,2,2
256,9,66,2,4,1,3,1,1
377,236,315,4,2,0,0,1,1
66,223,187,0,2,4,2,2,2
174,14,281,0,4,4,4,2,1
378,217,355,3,4,1,4,2,1
239,110,245,0,0,0,2,3,1
127,147,284,3,4,1,0,0,2
58,16,339,1,2,4,3,4,1
27,13,155,4,2,0,1,3,1
218,216,314,3,0,2,3,2,1
228,98,268,3,0,3,2,2,1
301,306,209,4,0,2,3,0,2
113,89,330,3,4,4,4,0,1
301,396,356,3,3,3,1,1,2
126,274,352,1,0,0,2,1,2
190,392,97,2,4,0,3,3,2
198,100,155,4,4,4,0,1,1
9,124,33,2,2,2,1,1,2
318,190,307,1,1,2,2,3,1
167,175,205,0,2,2,4,4,2
342,153,267,0,1,3,2,2,1
350,344,210,0,1,4,1,4,1
32,88,33,2,3,4,2,3,2
68,293,133,0,4,4,2,1,2
16,101,397,3,1,4,1,1,2
124,356,31,3,1,2,4,1,2
313,362,368,4,0,4,0,3,2
10,28,175,0,1,0,1,1,2
227,189,213,4,4,3,3,4,1
179,339,209,0,0,3,4,3,2
90,40,313,2,2,3,0,0,1
54,107,72,1,1,4,2,0,2
289,344,375,4,4,1,0,1,2
79,361,63,2,4,4,3,1,2
245,97,66,4,0,1,2,1,1
292,64,330,3,3,0,4,3,1
399,60,150,3,1,0,2,1,1
363,268,89,0,4,1,3,1,1
75,313,187,0,0,4,3,4,2
168,10,331,2,1,0,3,2,1
137,72,105,2,2,0,4,4,1
377,359,151,3,1,4,3,4,1
126,139,230,1,0,2,2,0,2
23,296,308,4,4,0,2,3,2
318,113,272,3,0,0,1,1,1
283,23,366,4,3,3,3,4,1
238,260,157,1,2,1,4,4,2
366,154,216,3,4,4,4,0,1
66,195,187,0,1,0,4,3,2
59,235,233,0,2,2,1,0,2
376,157,48,3,4,1,0,3,1
208,176,139,2,4,3,0,4,1
383,122,211,4,0,4,3,3,1
207,162,337,0,2,0,1,4,1
157,92,42,1,3,2,2,1,1
47,276,68,1,1,2,4,0,2
236,217,147,1,4,3,0,2,1
9,370,271,4,1,4,2,1,2
263,249,86,4,3,3,1,1,1
96,242,350,1,1,0,2,3,2
193,235,268,3,2,3,1,2,2
159,317,115,2,2,0,0,1,2
59,92,189,0,0,1,4,2,2
93,100,356,2,3,2,4,1,2
253,294,394,4,4,4,4,3,2
43,176,64,4,1,4,0,2,2
20,204,156,2,3,1,4,2,2
116,241,183,4,4,3,1,3,2
219,18,187,1,0,3,2,0,1
111,122,324,2,0,1,3,1,2
231,46,166,2,3,2,1,1,1
40,97,67,1,3,3,1,2,2
171,302,168,2,1,0,2,4,2
343,63,208,2,4,0,4,4,1
357,168,35,4,0,2,1,4,1
308,262,76,3,4,3,2,3,1
191,179,166,4,2,4,0,0,1
74,64,92,0,2,0,1,1,1
392,5,352,3,2,2,1,3,1
229,35,53,4,3,3,1,1,1
378,188,214,1,3,3,1,0,1
262,275,193,2,0,4,3,2,2
291,376,259,2,2,3,2,2,2
89,310,77,3,2,3,2,2,2
201,394,220,1,4,2,1,4,2
313,99,190,1,4,0,0,4,1
134,227,94,0,2,4,1,1,2
160,16,86,2,1,1,3,1,1
201,330,342,0,4,3,1,4,2
299,221,69,3,1,4,2,4,1
30,187,74,0,1,4,2,3,2
207,184,93,0,0,3,1,1,1
271,49,81,0,0,2,3,1,1
395,33,158,4,2,3,0,2,1
294,14,193,2,4,2,4,2,1
266,196,171,2,0,4,2,0,1
322,345,167,1,4,1,1,2,2
394,258,323,0,2,1,0,4,1
329,76,144,3,2,3,0,4,1
91,383,219,2,4,1,2,4,2
62,383,64,1,3,2,2,0,2
380,239,322,3,1,0,4,2,1
243,142,306,1,4,0,1,2,1
9,36,187,0,0,2,3,0,2
117,178,66,0,3,2,4,4,2
167,268,360,4,2,1,4,4,2
173,19,92,4,3,0,3,4,1
321,90,318,0,3,3,2,1,1
397,153,229,3,3,4,0,2,1
370,129,92,1,1,1,4,0,1
279,333,128,2,4,2,2,3,2
321,51,30,1,4,1,4,0,1
222,193,371,4,3,3,1,3,1
387,3,198,3,2,2,2,0,1
183,358,64,4,0,4,3,0,2
5,93,159,3,2,2,2,3,2
352,134,299,4,2,0,0,3,1
221,174,255,4,4,3,4,1,1
143,354,386,1,1,4,0,1,2
200,194,120,4,1,3,2,1,1
202,109,101,0,4,2,2,2,1
28,345,117,1,3,4,2,2,2
309,271,349,0,0,0,0,1,1
369,307,105,2,0,3,3,4,1
14,23,279,0,2,3,0,3,2
2,328,361,4,0,0,0,2,2
199,247,150,0,3,2,0,0,2
262,28,68,3,1,0,3,4,1
131,266,110,2,0,4,0,3,2
386,381,122,3,4,1,1,4,1
45,237,33,0,1,1,4,0,2
262,384,238,1,0,2,4,0,2
235,70,337,1,0,0,2,2,1
154,61,386,2,4,2,4,0,1
52,197,149,3,3,0,2,0,2
322,196,123,1,3,4,4,4,1
55,389,301,4,3,4,2,1,2
389,173,300,0,0,4,0,1,1
180,310,37,1,0,4,4,4,2
61,123,321,4,0,4,3,1,2
20,249,379,2,4,4,2,3,2
53,83,305,4,2,2,0,1,2
35,317,274,2,1,4,3,2,2
32,114,385,4,4,2,4,2,2
312,11,222,2,3,0,1,2,1
252,97,318,1,3,0,2,1,1
204,61,272,4,1,2,2,0,1
69,79,257,0,3,3,1,0,2
246,210,323,4,2,1,2,0,1
221,355,222,2,2,3,2,0,2
288,153,222,4,2,2,1,3,1
272,327,108,0,1,1,3,4,2
214,66,33,3,0,4,2,1,1
0,238,384,2,1,3,2,2,2
129,161,69,2,0,4,3,3,2
396,385,293,1,1,4,0,2,1
198,302,223,4,1,1,1,0,2
219,267,47,4,4,1,0,4,2
205,110,271,2,1,4,0,3,1
388,80,66,2,4,3,3,4,1
163,242,153,4,1,0,1,4,2
36,258,170,0,4,3,2,2,2
84,11,112,0,1,4,3,0,1
248,298,78,3,3,0,2,4,2
142,343,64,3,2,2,4,4,2
147,166,166,4,2,0,2,0,2
368,390,312,4,3,0,1,4,2
6,197,263,4,4,2,3,4,2
7,241,49,3,0,3,1,2,2
183,289,369,1,2,3,2,3,2
76,345,142,3,3,3,3,3,2
311,174,45,1,3,2,4,2,1
224,113,182,2,2,3,2,3,1
376,21,187,2,2,4,4,1,1
195,115,383,0,4,1,3,0,1
365,18,311,1,4,4,3,2,1
124,314,137,0,0,2,1,2,2
346,292,167,3,2,0,2,2,1
178,84,38,3,3,4,0,0,1
238,221,119,4,4,0,3,2,1
206,384,268,4,4,1,0,0,2
386,330,120,4,4,4,4,3,1
187,120,211,4,2,3,3,0,1
197,94,41,4,4,1,0,2,1
59,105,286,1,4,2,0,2,2
396,24,171,2,2,2,1,4,1
37,243,130,3,2,4,1,2,2
361,305,41,4,4,2,4,4,1
345,303,368,1,2,2,2,2,1
309,95,72,3,0,1,3,2,1
222,75,264,1,4,4,2,2,1
18,43,144,1,0,2,0,0,2
209,78,223,0,3,4,2,0,1
191,181,359,2,4,1,4,2,1
18,250,331,3,4,3,3,1,2
149,318,115,1,1,3,3,1,2
64,251,221,2,2,0,4,0,2
372,122,240,3,0,4,4,2,1
391,221,341,0,3,4,1,4,1
69,281,287,1,4,0,2,4,2
260,121,124,0,0,1,1,4,1
283,387,93,0,3,2,3,4,2
279,3,217,4,0,2,3,2,1
67,135,44,0,0,2,2,1,2
239,213,378,3,3,4,4,3,1
389,57,339,0,3,3,1,4,1
97,116,78,4,1,4,0,3,2
144,231,36,1,2,2,1,2,2
176,36,204,2,1,3,0,1,1
125,262,274,3,2,3,4,3,2
168,110,195,2,2,4,2,3,1
204,104,165,4,1,1,0,2,1
357,157,331,2,3,2,4,4,1
237,126,150,1,3,1,4,0,1
331,210,276,3,2,4,0,2,1
258,111,393,2,3,0,3,2,1
259,385,330,1,4,1,1,3,2
165,93,153,4,2,3,2,0,1
336,268,222,3,3,2,3,4,1
51,33,372,1,2,1,0,3,1
83,393,81,0,1,1,3,1,2
273,162,209,4,0,2,4,3,1
45,126,352,1,2,3,2,2,2
294,78,49,3,0,1,4,3,1
262,306,276,4,4,0,4,4,2
231,382,242,4,4,0,3,0,2
359,336,234,4,2,1,2,3,1
275,223,40,1,2,4,0,2,1
5,325,65,0,2,1,0,2,2
239,369,207,2,1,0,0,3,2
193,2,248,3,3,3,4,4,1
140,61,102,3,4,2,1,3,1
201,69,147,3,1,0,4,0,1
59,46,111,3,0,4,0,2,1
383,159,31,0,2,4,2,2,1
119,210,280,4,1,1,4,0,2
95,303,327,0,1,2,2,0,2
21,364,311,3,0,1,3,3,2
373,93,185,1,0,4,4,0,1
306,268,92,3,1,3,0,4,1
292,83,254,3,0,0,0,2,1
367,294,89,3,1,1,4,2,1
11,121,223,2,2,3,0,0,2
25,120,171,0,1,4,1,4,2
318,205,380,1,3,0,4,0,1
3,354,169,4,1,4,2,2,2
15,197,383,1,2,4,1,2,2
175,308,196,3,4,2,3,0,2
0,353,212,2,1,4,3,1,2
13,237,165,4,2,1,3,1,2
49,259,127,0,2,4,3,4,2
230,335,46,2,1,3,4,0,2
11,359,343,4,4,1,4,0,2
367,283,328,3,2,4,2,4,1
26,302,41,0,0,3,2,2,2
387,398,298,4,2,1,3,4,2
215,145,152,4,4,3,3,3,1
252,384,168,0,2,0,3,1,2
325,12,296,3,4,4,2,4,1
147,138,97,1,3,2,2,1,1
228,139,395,3,2,3,2,2,1
255,282,363,3,0,2,4,0,2
199,110,89,4,3,2,2,0,1
148,55,355,4,0,2,4,4,1
363,84,328,3,1,0,2,3,1
390,56,189,3,2,2,1,4,1
186,110,368,2,4,0,0,4,1
362,302,234,3,0,4,4,3,1
197,210,276,1,0,4,2,4,2
54,88,63,2,4,2,2,0,2
20,397,398,1,1,1,4,1,2
15,176,379,0,0,4,3,1,2
0,316,135,1,4,3,1,1,2
211,101,132,2,4,1,0,1,1
14,379,74,4,0,3,4,3,2
258,78,380,2,4,4,3,3,1
27,129,370,4,2,4,4,2,2
345,369,394,2,0,2,2,1,2
255,382,374,1,1,3,0,1,2
51,338,268,0,0,1,0,2,2
274,129,76,3,4,3,1,2,1
343,354,305,0,1,3,2,0,2
234,236,308,0,4,4,1,4,2
194,307,253,2,0,0,3,0,2
311,383,364,3,2,2,2,1,2
78,13,177,3,4,3,3,0,1
330,330,345,3,3,0,1,3,0
310,201,326,2,4,3,1,1,1
58,130,330,2,0,2,3,3,2
129,243,106,2,1,2,1,1,2
279,21,260,3,2,3,1,0,1
58,188,183,2,3,2,2,0,2
247,343,244,0,0,0,2,3,2
27,361,399,3,3,2,0,1,2
16,282,367,1,1,0,1,4,2
109,113,349,1,4,1,0,0,2
4,16,191,4,2,3,3,1,2
108,203,394,3,2,4,4,2,2
300,154,130,3,1,4,1,4,1
373,101,327,0,2,4,4,4,1
36,111,55,1,1,4,2,4,2
141,0,155,0,2,1,2,1,1
202,118,194,0,1,1,4,1,1
377,281,380,4,3,0,3,3,1
19,130,311,2,2,1,2,3,2
72,285,313,2,1,2,2,4,2
152,395,41,2,2,2,4,1,2
43,331,114,3,3,2,3,1,2
53,24,269,0,1,2,3,4,1
332,213,68,1,1,3,0,4,1
41,31,147,0,3,3,0,3,1
192,110,49,0,0,0,3,4,1
212,198,119,1,0,3,1,1,1
367,94,97,3,1,4,1,1,1
361,374,214,2,3,2,4,1,2
135,341,349,4,3,2,4,2,2
291,377,313,2,2,4,3,4,2
49,155,185,4,3,4,1,0,2
171,151,318,1,2,1,4,1,1
69,165,365,4,0,2,3,3,2
246,169,143,1,0,1,0,2,1
363,170,152,0,3,4,1,4,1
149,82,36,0,2,3,3,4,1
187,107,170,3,4,0,4,0,1
213,26,303,2,2,3,1,4,1
304,88,321,1,1,4,0,0,1
40,351,236,1,2,1,2,3,2
20,208,47,0,0,0,0,3,2
370,365,280,3,2,2,4,3,1
238,385,365,2,1,3,1,4,2
364,208,55,0,4,4,2,4,1
398,358,155,3,4,0,3,0,1
291,300,146,4,4,4,4,3,2
191,141,351,0,0,1,3,0,1
307,251,372,4,4,2,4,0,1
208,104,248,1,4,0,1,4,1
319,217,312,1,3,2,2,1,1
261,304,235,3,0,4,4,4,2
205,273,50,0,4,3,0,0,2
45,343,301,1,4,3,1,3,2
363,144,146,3,0,0,1,2,1
114,172,390,2,3,1,1,3,2
68,229,302,2,3,4,0,2,2
220,179,280,3,1,0,2,2,1
184,90,97,4,0,4,3,2,1
225,70,133,2,3,2,4,2,1
189,14,144,2,1,4,0,0,1
350,84,56,4,2,2,0,1,1
205,95,379,4,0,0,1,0,1
288,75,287,2,4,0,2,4,1
304,210,291,2,2,3,0,2,1
295,253,118,0,4,2,2,3,1
312,275,34,3,4,0,1,1,1
129,383,342,4,3,3,4,3,2
186,112,112,2,0,2,2,1,1
152,94,224,2,0,0,4,0,1
349,21,273,0,1,3,2,1,1
28,75,166,0,0,2,0,4,2
77,224,215,3,0,4,4,3,2
109,247,76,1,4,0,1,3,2
214,386,39,3,4,0,3,4,2
351,176,272,0,0,1,1,3,1
332,18,228,3,4,1,0,1,1
216,23,236,4,1,4,0,2,1
22,363,195,3,4,3,0,4,2
166,261,214,0,2,1,3,2,2
299,284,166,4,4,2,3,0,1
251,201,103,3,3,4,4,3,1
210,360,210,4,1,4,3,4,2
155,52,155,1,0,1,3,4,1
255,230,207,2,4,4,1,3,1
349,262,140,0,2,0,3,2,1
203,358,82,1,0,1,2,0,2
176,80,281,2,2,0,4,0,1
230,235,345,0,1,0,3,1,2
376,75,381,2,4,4,2,1,1
316,285,392,2,3,4,2,0,1
279,241,223,0,1,4,2,3,1
223,247,88,3,0,1,4,3,2
192,190,51,3,3,2,4,2,1
122,159,97,4,1,4,4,1,2
197,230,165,0,2,4,1,1,2
131,275,232,3,3,4,1,1,2
192,26,347,0,3,1,4,3,1
17,389,397,1,2,2,4,3,2
266,234,118,3,1,1,0,4,1
77,148,270,1,0,4,0,1,2
278,396,229,0,0,3,2,0,2
286,324,189,2,2,0,2,3,2
137,63,87,0,4,3,2,1,1
30,174,120,4,3,2,3,3,2
325,175,178,1,2,1,0,0,1
3,53,170,2,0,3,2,3,2
235,271,48,0,2,0,3,4,2
200,137,220,4,2,4,3,1,1
22,352,344,0,2,0,2,3,2
396,162,63,3,0,1,0,0,1
202,218,122,4,3,4,0,2,2
61,219,94,1,1,2,0,1,2
395,346,285,0,4,2,4,1,1
175,114,89,4,3,0,3,0,1
266,57,90,1,4,4,1,1,1
42,252,163,1,4,3,4,4,2
204,26,327,0,3,3,0,2,1
364,107,222,0,2,3,1,0,1
205,177,40,2,1,4,1,3,1
25,267,140,1,3,4,0,2,2
274,390,349,0,4,0,2,4,2
155,381,213,0,2,0,4,2,2
259,251,280,3,3,1,0,4,1
250,321,336,3,3,1,4,3,2
308,67,255,0,2,1,4,1,1
203,134,270,3,1,3,4,0,1
72,0,395,4,2,4,0,4,1
42,300,281,4,3,0,0,1,2
103,48,73,2,0,3,2,3,1
122,79,321,4,3,4,1,4,1
289,347,391,2,4,4,0,0,2
218,309,153,2,4,0,4,1,2
103,334,41,3,0,3,4,3,2
166,146,115,2,0,1,1,0,1
263,362,87,0,1,1,3,0,2
144,124,248,1,0,0,3,0,1
30,92,211,4,0,2,1,0,2
211,277,312,0,4,1,0,2,2
169,256,339,4,4,3,0,4,2
350,26,342,0,1,3,0,1,1
264,227,51,2,4,4,0,4,1
1,10,282,0,4,2,2,4,2
223,123,54,0,1,3,3,0,1
56,246,332,3,0,4,2,4,2
269,93,377,1,2,2,3,1,1
220,251,353,2,2,1,4,2,2
399,206,84,0,2,1,3,3,1
80,93,238,0,2,4,0,3,2
217,106,195,1,3,3,0,4,1
195,43,148,3,0,1,2,2,1
83,89,116,4,4,4,0,4,2
90,353,243,0,0,3,3,0,2
178,203,235,3,2,2,4,2,2
34,208,50,1,2,2,2,4,2
354,92,41,0,1,1,3,3,1
306,199,112,3,3,4,3,2,1
62,280,36,1,1,4,4,2,2
263,40,55,0,4,1,0,4,1
130,272,72,1,3,1,0,1,2
310,381,370,0,0,2,4,1,2
106,365,320,0,1,0,0,0,2
165,313,60,4,1,2,3,4,2
327,131,375,4,1,3,0,4,1
125,24,130,4,4,0,0,4,1
235,124,289,2,0,2,1,0,1
46,388,262,1,2,1,0,1,2
89,31,218,2,4,4,0,1,1
205,105,88,3,1,0,3,1,1
26,202,129,2,4,1,1,3,2
222,314,235,2,3,1,4,0,2
174,194,283,1,3,3,0,1,2
132,380,281,1,0,0,3,3,2
248,342,360,4,4,1,0,3,2
80,79,90,0,1,2,0,2,1
358,178,387,2,1,1,0,1,1
284,378,118,3,3,2,4,2,2
114,141,291,0,4,2,4,0,2
221,146,356,2,2,3,4,1,1
1,296,227,0,2,3,0,4,2
89,187,237,1,2,3,0,2,2
206,377,356,3,2,1,0,2,2
223,236,226,4,0,4,1,3,2
14,345,326,1,4,3,4,1,2
250,286,272,0,3,0,1,4,2
126,192,307,3,2,3,3,3,2
107,258,194,1,2,0,1,2,2
45,163,268,2,1,2,1,1,2
93,33,247,3,4,3,3,1,1
200,189,278,2,3,1,3,1,1
280,179,98,0,3,0,1,0,1
343,193,150,1,2,3,0,1,1
142,164,213,1,3,0,2,0,2
101,315,77,2,2,1,0,0,2
301,21,64,4,2,0,2,0,1
179,244,212,4,2,0,2,1,2
361,153,370,1,3,3,3,2,1
205,165,219,1,0,4,0,3,1
335,54,77,0,4,2,0,1,1
116,366,297,1,1,2,3,1,2
116,111,221,1,4,0,1,2,1
381,137,178,2,2,2,0,3,1
111,317,286,3,4,3,3,4,2
41,132,367,3,1,4,3,1,2
137,185,184,3,3,0,4,3,2
126,320,333,3,4,1,0,3,2
204,148,200,0,0,0,0,4,1
38,86,205,3,1,1,4,3,2
245,221,219,0,0,0,4,0,1
330,208,241,3,1,2,2,4,1
96,158,45,1,2,1,2,2,2
154,386,379,0,0,1,1,3,2
165,131,67,0,1,0,4,3,1
321,153,375,3,4,3,3,1,1
310,69,396,3,0,0,4,1,1
25,67,190,0,3,2,3,4,2
326,143,175,0,2,4,4,1,1
342,355,239,2,0,2,1,2,2
17,145,184,4,1,3,4,3,2
258,262,335,0,2,2,1,3,2
192,4,164,4,4,2,1,3,1
65,264,42,2,3,3,1,4,2
44,192,177,0,0,4,0,2,2
16,385,132,1,1,4,1,2,2
125,318,95,4,2,1,2,0,2
8,349,253,3,1,0,4,2,2
224,47,201,0,4,3,3,0,1
58,91,60,2,2,3,1,3,2
86,106,54,1,3,4,2,1,2
2,214,228,4,4,0,2,1,2
198,265,64,2,4,4,1,4,2
373,39,140,4,0,2,0,0,1
23,283,180,0,0,4,2,4,2
82,272,129,3,4,1,4,4,2
260,131,374,3,0,3,0,4,1
282,151,170,1,2,0,3,0,1
249,237,114,1,4,1,1,1,1
251,346,312,1,4,3,3,3,2
293,297,163,0,1,4,1,3,2
271,383,58,4,4,2,3,2,2
325,202,83,3,4,4,3,4,1
228,255,148,0,3,2,1,4,2
58,125,102,3,1,4,0,4,2
88,130,63,3,2,3,3,4,2
282,48,191,1,4,1,4,2,1
391,35,350,3,4,2,0,4,1
166,47,186,2,1,0,2,1,1
119,327,336,1,2,3,2,1,2
78,275,320,4,3,0,4,4,2
214,254,204,4,1,2,3,4,2
6,173,316,3,0,3,2,3,2
90,15,195,2,3,0,2,2,1
169,31,252,0,4,3,1,4,1
20,364,35,2,1,1,3,0,2
35,199,223,1,2,3,3,1,2
45,61,44,0,1,0,2,0,2
363,305,158,0,1,4,3,2,1
54,204,97,3,4,4,2,0,2
317,353,249,2,4,3,4,1,2
313,345,167,0,1,0,4,1,2
19,309,193,0,4,3,4,2,2
129,171,203,1,2,2,4,3,2
277,385,399,1,3,4,1,0,2
2,125,139,1,0,4,4,3,2
38,368,353,1,2,1,4,1,2
272,323,392,4,4,4,0,4,2
391,107,340,0,1,0,1,3,1
388,227,395,2,3,2,0,3,1
56,276,365,3,3,2,0,3,2
121,238,340,0,3,4,2,4,2
165,227,152,2,3,3,3,1,2
370,183,72,1,3,0,1,4,1
133,73,40,4,4,3,0,0,1
217,215,162,0,2,2,4,1,1
121,167,42,2,0,1,0,2,2
397,223,382,4,3,2,3,1,1
232,228,76,0,3,2,4,0,1
325,63,166,1,2,2,4,3,1
29,232,147,3,2,3,1,2,2
97,272,223,1,2,3,4,2,2
126,206,193,0,1,1,3,0,2
298,15,69,0,4,1,1,0,1
119,260,185,4,4,0,0,3,2
317,213,284,1,1,2,3,1,1
119,188,337,4,2,3,0,4,2
64,37,117,4,3,3,2,0,1
1,181,311,1,3,1,2,1,2
45,50,291,4,1,3,1,3,2
38,328,263,3,4,2,1,4,2
124,154,74,1,3,4,4,2,2
199,200,222,1,0,2,0,0,2
80,95,233,4,0,0,3,4,2
237,198,347,1,0,2,0,3,1
334,15,312,0,3,4,3,4,1
111,107,211,2,0,1,4,2,1
15,144,240,3,4,1,3,1,2
201,84,335,2,3,0,0,4,1
241,47,353,0,3,3,4,4,1
208,13,306,0,4,2,4,0,1
61,266,54,4,2,3,2,1,2
187,310,178,3,4,4,3,0,2
280,354,376,3,4,4,4,3,2
323,123,126,2,2,1,2,0,1
46,316,360,2,2,1,1,1,2
371,122,65,3,2,0,4,1,1
12,135,124,2,1,4,3,2,2
329,362,320,0,2,0,0,0,2
141,139,241,2,1,1,3,0,1
303,11,217,1,0,3,1,3,1
239,200,77,3,3,1,2,2,1
190,45,51,0,4,0,1,1,1
240,94,249,2,0,0,0,0,1
225,316,293,0,3,0,2,1,2
239,86,38,0,4,2,1,4,1
190,288,213,2,4,3,1,0,2
332,294,238,4,1,1,0,3,1
351,95,182,1,4,4,3,2,1
65,273,116,4,1,4,3,1,2
317,249,346,0,2,0,4,3,1
219,208,332,1,4,0,2,3,1
120,84,384,3,4,3,0,1,1
45,118,155,0,2,2,3,3,2
245,106,234,1,2,0,4,3,1
30,125,226,4,1,0,1,3,2
153,257,156,1,3,4,3,1,2
59,221,240,2,2,1,2,2,2
202,292,262,4,4,3,3,3,2
115,176,171,0,0,0,3,4,2
89,387,103,0,0,1,1,4,2
371,234,105,2,3,1,0,3,1
370,208,78,1,2,3,4,4,1
37,190,165,3,1,1,4,0,2
304,380,140,4,3,1,0,3,2
250,78,133,2,0,2,4,0,1
182,107,175,1,4,2,2,1,1
104,364,329,2,4,2,1,2,2
227,6,52,2,3,1,2,1,1
7,309,47,3,3,4,4,1,2
215,250,303,0,3,4,3,1,2
118,239,241,4,3,2,3,2,2
355,146,118,0,0,1,1,3,1
319,3,41,3,0,0,3,0,1
186,333,155,0,3,0,1,2,2
354,33,58,1,2,3,3,2,1
298,138,142,0,4,1,3,3,1
121,86,298,1,2,3,0,3,1
294,13,192,3,1,1,4,1,1
157,5,303,0,3,1,1,0,1
312,104,256,2,3,3,3,4,1
28,362,143,3,0,0,4,1,2
312,162,76,4,1,0,2,0,1
317,17,123,3,0,1,1,1,1
278,254,362,4,0,3,4,2,1
68,116,313,2,2,1,2,3,2
157,348,157,4,3,4,3,4,2
306,237,176,4,1,4,2,2,1
268,309,394,1,1,3,1,3,2
28,0,370,0,4,4,2,4,1
54,70,327,1,1,2,3,1,2
375,164,248,2,0,1,2,0,1
236,39,65,3,4,0,3,0,1
241,340,306,3,4,1,1,4,2
237,82,226,1,0,4,4,2,1
311,85,114,0,4,0,3,4,1
360,192,75,1,3,1,0,2,1
229,221,348,2,2,4,1,4,1
278,200,156,0,4,3,1,3,1
391,96,268,0,4,3,4,2,1
85,118,263,4,3,0,1,2,2
317,177,306,1,2,1,3,1,1
177,13,270,1,0,1,0,1,1
59,347,199,0,0,3,2,2,2
143,286,322,4,3,3,0,3,2
363,98,388,0,3,1,0,0,1
108,330,327,2,2,4,0,4,2
326,360,297,0,0,0,3,0,2
265,139,228,3,2,1,0,4,1
39,174,77,3,2,2,4,1,2
174,103,251,2,3,3,1,0,1
320,154,342,1,4,0,0,3,1
362,365,195,4,3,0,4,0,2
349,199,340,0,4,4,1,4,1
322,7,117,1,0,1,3,4,1
93,320,225,0,2,2,2,2,2
201,291,74,0,0,0,0,0,2
7,47,395,0,0,4,1,4,2
289,219,191,1,3,4,3,4,1
30,49,92,4,1,0,1,1,2
382,33,245,4,1,2,0,0,1
166,321,170,2,0,0,0,4,2
247,237,132,1,4,2,0,4,1
259,235,101,0,4,0,1,3,1
56,119,274,3,2,4,2,4,2
199,258,206,2,1,2,2,3,2
229,290,96,0,3,2,2,0,2
229,326,122,3,3,0,1,3,2
286,301,137,1,3,3,2,1,2
285,303,172,0,3,0,4,3,2
87,321,75,0,1,0,3,0,2
70,81,264,2,2,2,2,1,2
395,145,192,1,3,1,3,1,1
74,45,275,4,2,0,1,1,1
49,219,40,4,0,3,2,2,2
317,101,151,1,2,2,4,2,1
273,331,255,2,1,1,2,3,2
67,21,360,3,2,1,0,1,1
395,397,124,2,4,0,2,0,2
218,386,337,2,2,3,2,1,2
248,179,359,3,1,4,3,0,1
85,204,303,4,4,0,0,1,2
354,236,257,1,0,4,3,2,1
202,325,304,1,1,2,4,0,2
194,1,166,3,1,1,2,3,1
247,106,90,0,2,3,2,4,1
11,278,46,1,2,0,2,0,2
132,303,241,2,1,4,3,4,2
349,268,272,3,3,1,1,1,1
58,309,396,2,1,0,2,2,2
217,41,67,2,4,3,1,1,1
391,99,51,1,2,0,1,1,1
124,321,234,2,0,1,1,4,2
115,314,155,2,0,1,2,2,2
221,302,140,0,4,1,4,2,2
101,206,303,3,2,2,1,1,2
253,242,206,0,4,4,1,4,1
88,244,289,0,1,3,4,4,2
36,45,319,0,1,0,1,1,2
118,81,265,0,4,4,2,0,1
81,339,277,3,3,1,2,4,2
41,185,205,2,4,2,3,1,2
78,19,377,1,3,3,0,2,1
113,358,49,0,2,0,4,2,2
240,399,260,0,4,4,1,2,2
111,124,241,2,4,4,0,2,2
237,82,126,1,3,0,1,3,1
149,71,377,4,0,4,2,4,1
305,107,159,4,0,0,3,1,1
247,351,313,0,4,2,2,4,2
103,255,101,3,4,1,1,4,2
343,7,322,0,2,4,3,0,1
50,182,292,1,3,4,3,1,2
196,5,209,1,1,2,3,4,1
231,14,32,3,2,3,4,0,1
78,323,372,4,0,3,0,3,2
283,327,322,1,1,2,2,0,2
364,389,169,3,3,3,4,4,2
333,126,254,4,1,1,0,2,1
2,86,266,2,3,0,3,3,2
48,169,332,3,2,4,4,3,2
317,206,330,1,0,3,0,1,1
97,37,97,4,0,3,0,2,1
291,131,301,2,2,1,4,1,1
239,80,39,1,4,2,3,3,1
37,43,280,4,2,1,2,1,2
7,84,335,4,1,3,4,0,2
255,30,342,1,4,0,4,4,1
182,102,98,2,0,3,1,4,1
352,192,361,1,3,1,4,1,1
37,389,81,3,1,3,1,2,2
168,304,252,4,3,4,4,4,2
152,233,178,2,4,0,2,0,2
302,50,272,0,0,4,2,0,1
109,266,297,3,0,3,0,1,2
63,124,114,3,1,4,3,4,2
355,312,105,0,3,2,4,0,1
353,44,77,1,2,2,3,1,1
5,294,332,1,0,2,2,1,2
22,50,303,1,3,3,3,1,2
75,178,241,2,0,4,4,1,2
250,380,271,3,2,2,4,2,2
228,71,85,2,2,0,2,3,1
338,267,346,0,3,4,1,3,1
240,64,160,0,3,1,1,1,1
294,184,374,0,4,0,3,2,1
260,345,207,0,1,3,1,1,2
21,109,328,4,1,2,3,0,2
144,353,253,1,4,1,0,1,2
239,146,370,4,3,4,1,1,1
124,371,43,1,3,0,2,0,2
51,290,127,2,1,0,4,1,2
111,307,252,0,1,4,0,0,2
253,197,170,0,4,2,3,3,1
53,49,189,0,3,2,4,0,1
185,139,77,4,4,4,0,0,1
237,144,177,0,1,0,4,0,1
154,97,337,0,2,2,2,1,1
163,57,56,0,0,2,0,0,1
145,219,325,1,0,0,3,2,2
142,194,178,1,2,4,3,1,2
206,53,123,3,4,1,0,1,1
268,342,336,1,2,0,4,1,2
93,313,210,1,2,1,4,4,2
391,40,74,1,3,1,1,1,1
60,144,299,0,2,0,3,0,2
240,19,286,0,3,4,4,0,1
68,106,44,3,3,3,4,4,2
153,330,227,4,2,0,2,0,2
84,149,127,2,4,1,1,2,2
265,108,362,2,4,3,3,1,1
312,149,186,3,3,4,0,0,1
361,162,254,2,0,0,0,3,1
83,369,122,3,1,2,4,4,2
99,66,285,2,4,3,1,3,1
153,199,63,2,3,1,0,3,2
380,240,139,3,0,4,0,3,1
352,247,70,4,2,2,2,4,1
371,123,242,4,0,3,2,1,1
233,17,295,2,1,2,1,2,1
376,385,52,4,4,0,4,1,2
116,328,318,1,4,3,0,0,2
100,45,210,4,4,1,0,1,1
68,275,312,1,3,2,4,0,2
336,259,334,0,3,4,1,0,1
1,139,105,1,0,4,3,4,2
